{
  "epoch": 0,
  "snapshotTimestamp": 1658148381,
  "chains": {
    "1": {
      "name": "ethereum",
      "chainId": 1,
      "pools": {
        "0": {
          "poolPercentOfTotal": 0.0665353406,
          "poolPercentOfChain": 0.3333594228
        },
        "1": {
          "poolPercentOfTotal": 0.0665353406,
          "poolPercentOfChain": 0.3333594228
        },
        "2": {
          "poolPercentOfTotal": 0.0665197189,
          "poolPercentOfChain": 0.3332811543
        }
      },
      "chainPercentOfTotal": 0.1995904002
    },
    "43114": {
      "name": "avalanche",
      "chainId": 43114,
      "pools": {
        "0": {
          "poolPercentOfTotal": 0.2448479024,
          "poolPercentOfChain": 0.3059032556
        },
        "1": {
          "poolPercentOfTotal": 0.0888898715,
          "poolPercentOfChain": 0.111055479
        },
        "2": {
          "poolPercentOfTotal": 0.1111123394,
          "poolPercentOfChain": 0.1388193488
        },
        "3": {
          "poolPercentOfTotal": 0.1777797431,
          "poolPercentOfChain": 0.2221109581
        },
        "4": {
          "poolPercentOfTotal": 0.0888898715,
          "poolPercentOfChain": 0.111055479
        },
        "5": {
          "poolPercentOfTotal": 0.0888898715,
          "poolPercentOfChain": 0.111055479
        }
      },
      "chainPercentOfTotal": 0.8004095997
    }
  }
}